"","TIME_BLOCK","NAME_AIRLINE","NAME_AIRPORT","COUNT","data_deptimeblk_mean$MEAN"
"1","1900-1959","SkyWest Airlines Inc.","Aberdeen, SD: Aberdeen Regional",0,0
"2","1900-1959","ExpressJet Airlines Inc.","Akron, OH: Akron-Canton Regional",773,9.91025641025641
"3","1900-1959","Southwest Airlines Co.","Akron, OH: Akron-Canton Regional",0,0
"4","1900-1959","American Airlines Inc.","Albany, NY: Albany International",3036,15.4111675126904
"5","1900-1959","JetBlue Airways","Albany, NY: Albany International",2431,21.7053571428571
"6","1900-1959","SkyWest Airlines Inc.","Albany, NY: Albany International",950,15.5737704918033
"7","1900-1959","Southwest Airlines Co.","Albany, NY: Albany International",1526,22.7761194029851
"8","1900-1959","ExpressJet Airlines Inc.","Albuquerque, NM: Albuquerque International Sunport",0,0
"9","1900-1959","SkyWest Airlines Inc.","Albuquerque, NM: Albuquerque International Sunport",36,7.2
"10","1900-1959","Southwest Airlines Co.","Albuquerque, NM: Albuquerque International Sunport",8566,22.3072916666667
"11","1900-1959","ExpressJet Airlines Inc.","Alexandria, LA: Alexandria International",1913,10.0684210526316
"12","1900-1959","Southwest Airlines Co.","Amarillo, TX: Rick Husband Amarillo International",29,7.25
"13","1900-1959","Alaska Airlines Inc.","Anchorage, AK: Ted Stevens Anchorage International",2433,3.55701754385965
"14","1900-1959","Delta Air Lines Inc.","Anchorage, AK: Ted Stevens Anchorage International",2402,22.2407407407407
"15","1900-1959","United Air Lines Inc.","Anchorage, AK: Ted Stevens Anchorage International",547,6.67073170731707
"16","1900-1959","ExpressJet Airlines Inc.","Appleton, WI: Appleton International",0,0
"17","1900-1959","SkyWest Airlines Inc.","Appleton, WI: Appleton International",559,31.0555555555556
"18","1900-1959","SkyWest Airlines Inc.","Arcata/Eureka, CA: Arcata",2188,16.4511278195489
"19","1900-1959","Delta Air Lines Inc.","Asheville, NC: Asheville Regional",202,6.12121212121212
"20","1900-1959","ExpressJet Airlines Inc.","Asheville, NC: Asheville Regional",3214,17.6593406593407
"21","1900-1959","SkyWest Airlines Inc.","Aspen, CO: Aspen Pitkin County Sardy Field",541,36.0666666666667
"22","1900-1959","American Airlines Inc.","Atlanta, GA: Hartsfield-Jackson Atlanta International",14439,16.8679906542056
"23","1900-1959","Delta Air Lines Inc.","Atlanta, GA: Hartsfield-Jackson Atlanta International",266491,11.4275728987993
"24","1900-1959","ExpressJet Airlines Inc.","Atlanta, GA: Hartsfield-Jackson Atlanta International",74666,18.2334554334554
"25","1900-1959","Frontier Airlines Inc.","Atlanta, GA: Hartsfield-Jackson Atlanta International",1986,17.2695652173913
"26","1900-1959","SkyWest Airlines Inc.","Atlanta, GA: Hartsfield-Jackson Atlanta International",16324,22.6094182825485
"27","1900-1959","Southwest Airlines Co.","Atlanta, GA: Hartsfield-Jackson Atlanta International",44487,15.8995711222302
"28","1900-1959","Spirit Air Lines","Atlanta, GA: Hartsfield-Jackson Atlanta International",19085,36.2144212523719
"29","1900-1959","United Air Lines Inc.","Atlanta, GA: Hartsfield-Jackson Atlanta International",9888,23.7692307692308
"30","1900-1959","Spirit Air Lines","Atlantic City, NJ: Atlantic City International",2507,27.25
"31","1900-1959","Delta Air Lines Inc.","Augusta, GA: Augusta Regional at Bush Field",60,12
"32","1900-1959","ExpressJet Airlines Inc.","Augusta, GA: Augusta Regional at Bush Field",5242,25.950495049505
"33","1900-1959","American Airlines Inc.","Austin, TX: Austin - Bergstrom International",5134,16.6688311688312
"34","1900-1959","Delta Air Lines Inc.","Austin, TX: Austin - Bergstrom International",371,14.84
"35","1900-1959","ExpressJet Airlines Inc.","Austin, TX: Austin - Bergstrom International",1,0.5
"36","1900-1959","Frontier Airlines Inc.","Austin, TX: Austin - Bergstrom International",948,39.5
"37","1900-1959","JetBlue Airways","Austin, TX: Austin - Bergstrom International",121,60.5
"38","1900-1959","SkyWest Airlines Inc.","Austin, TX: Austin - Bergstrom International",2017,14.2042253521127
"39","1900-1959","Southwest Airlines Co.","Austin, TX: Austin - Bergstrom International",20151,16.8205342237062
"40","1900-1959","United Air Lines Inc.","Austin, TX: Austin - Bergstrom International",1925,13.1849315068493
"41","1900-1959","SkyWest Airlines Inc.","Bakersfield, CA: Meadows Field",86,2.60606060606061
"42","1900-1959","American Airlines Inc.","Baltimore, MD: Baltimore/Washington International Thurgood Marshall",6528,16.2388059701493
"43","1900-1959","Delta Air Lines Inc.","Baltimore, MD: Baltimore/Washington International Thurgood Marshall",15250,17.349260523322
"44","1900-1959","ExpressJet Airlines Inc.","Baltimore, MD: Baltimore/Washington International Thurgood Marshall",495,21.5217391304348
"45","1900-1959","JetBlue Airways","Baltimore, MD: Baltimore/Washington International Thurgood Marshall",3494,22.6883116883117
"46","1900-1959","SkyWest Airlines Inc.","Baltimore, MD: Baltimore/Washington International Thurgood Marshall",439,17.56
"47","1900-1959","Southwest Airlines Co.","Baltimore, MD: Baltimore/Washington International Thurgood Marshall",60924,15.6697530864198
"48","1900-1959","Spirit Air Lines","Baltimore, MD: Baltimore/Washington International Thurgood Marshall",10334,29.1098591549296
"49","1900-1959","United Air Lines Inc.","Baltimore, MD: Baltimore/Washington International Thurgood Marshall",90,11.25
"50","1900-1959","Alaska Airlines Inc.","Barrow, AK: Wiley Post/Will Rogers Memorial",420,2.78145695364238
"51","1900-1959","ExpressJet Airlines Inc.","Baton Rouge, LA: Baton Rouge Metropolitan/Ryan Field",4257,11.792243767313
"52","1900-1959","SkyWest Airlines Inc.","Bend/Redmond, OR: Roberts Field",1780,27.3846153846154
"53","1900-1959","SkyWest Airlines Inc.","Billings, MT: Billings Logan International",257,4.14516129032258
"54","1900-1959","Delta Air Lines Inc.","Birmingham, AL: Birmingham-Shuttlesworth International",1742,28.0967741935484
"55","1900-1959","ExpressJet Airlines Inc.","Birmingham, AL: Birmingham-Shuttlesworth International",0,0
"56","1900-1959","Southwest Airlines Co.","Birmingham, AL: Birmingham-Shuttlesworth International",6074,11.7941747572816
"57","1900-1959","SkyWest Airlines Inc.","Bismarck/Mandan, ND: Bismarck Municipal",1111,8.888
"58","1900-1959","SkyWest Airlines Inc.","Boise, ID: Boise Air Terminal",4264,10.5544554455446
"59","1900-1959","Southwest Airlines Co.","Boise, ID: Boise Air Terminal",5895,16.4206128133705
"60","1900-1959","Alaska Airlines Inc.","Boston, MA: Logan International",244,8.71428571428571
"61","1900-1959","American Airlines Inc.","Boston, MA: Logan International",21466,18.1147679324894
"62","1900-1959","Delta Air Lines Inc.","Boston, MA: Logan International",25238,29.6917647058824
"63","1900-1959","ExpressJet Airlines Inc.","Boston, MA: Logan International",10895,31.039886039886
"64","1900-1959","JetBlue Airways","Boston, MA: Logan International",75269,23.6397613065327
"65","1900-1959","SkyWest Airlines Inc.","Boston, MA: Logan International",303,15.15
"66","1900-1959","Southwest Airlines Co.","Boston, MA: Logan International",11719,25.3110151187905
"67","1900-1959","Spirit Air Lines","Boston, MA: Logan International",9603,36.2377358490566
"68","1900-1959","United Air Lines Inc.","Boston, MA: Logan International",20060,23.9952153110048
"69","1900-1959","ExpressJet Airlines Inc.","Bristol/Johnson City/Kingsport, TN: Tri-Cities Regional TN/VA",360,5.9016393442623
"70","1900-1959","ExpressJet Airlines Inc.","Brownsville, TX: Brownsville South Padre Island International",848,10.3414634146341
"71","1900-1959","American Airlines Inc.","Buffalo, NY: Buffalo Niagara International",1243,8.2317880794702
"72","1900-1959","Delta Air Lines Inc.","Buffalo, NY: Buffalo Niagara International",2465,8.27181208053691
"73","1900-1959","ExpressJet Airlines Inc.","Buffalo, NY: Buffalo Niagara International",3083,26.1271186440678
"74","1900-1959","JetBlue Airways","Buffalo, NY: Buffalo Niagara International",4596,17.7451737451737
"75","1900-1959","Southwest Airlines Co.","Buffalo, NY: Buffalo Niagara International",1896,23.7
"76","1900-1959","SkyWest Airlines Inc.","Burbank, CA: Bob Hope",627,28.5
"77","1900-1959","Southwest Airlines Co.","Burbank, CA: Bob Hope",12018,14.6026731470231
"78","1900-1959","ExpressJet Airlines Inc.","Burlington, VT: Burlington International",1200,20.6896551724138
"79","1900-1959","JetBlue Airways","Burlington, VT: Burlington International",1261,14.3295454545455
"80","1900-1959","ExpressJet Airlines Inc.","Cedar Rapids/Iowa City, IA: The Eastern Iowa",0,0
"81","1900-1959","Frontier Airlines Inc.","Cedar Rapids/Iowa City, IA: The Eastern Iowa",1873,18.9191919191919
"82","1900-1959","SkyWest Airlines Inc.","Cedar Rapids/Iowa City, IA: The Eastern Iowa",8,0.380952380952381
"83","1900-1959","Delta Air Lines Inc.","Charleston, SC: Charleston AFB/International",725,5.53435114503817
"84","1900-1959","ExpressJet Airlines Inc.","Charleston, SC: Charleston AFB/International",643,20.09375
"85","1900-1959","JetBlue Airways","Charleston, SC: Charleston AFB/International",3297,25.3615384615385
"86","1900-1959","SkyWest Airlines Inc.","Charleston, SC: Charleston AFB/International",17,5.66666666666667
"87","1900-1959","Southwest Airlines Co.","Charleston, SC: Charleston AFB/International",4721,15.3778501628664
"88","1900-1959","United Air Lines Inc.","Charleston, SC: Charleston AFB/International",0,0
"89","1900-1959","ExpressJet Airlines Inc.","Charleston/Dunbar, WV: Yeager",5288,21.9419087136929
"90","1900-1959","JetBlue Airways","Charlotte Amalie, VI: Cyril E King",316,63.2
"91","1900-1959","American Airlines Inc.","Charlotte, NC: Charlotte Douglas International",55539,15.0716417910448
"92","1900-1959","Delta Air Lines Inc.","Charlotte, NC: Charlotte Douglas International",7073,14.2028112449799
"93","1900-1959","ExpressJet Airlines Inc.","Charlotte, NC: Charlotte Douglas International",1567,27.9821428571429
"94","1900-1959","JetBlue Airways","Charlotte, NC: Charlotte Douglas International",6370,27.9385964912281
"95","1900-1959","SkyWest Airlines Inc.","Charlotte, NC: Charlotte Douglas International",1855,28.1060606060606
"96","1900-1959","Southwest Airlines Co.","Charlotte, NC: Charlotte Douglas International",6721,22.6296296296296
"97","1900-1959","United Air Lines Inc.","Charlotte, NC: Charlotte Douglas International",151,21.5714285714286
"98","1900-1959","ExpressJet Airlines Inc.","Charlottesville, VA: Charlottesville Albemarle",255,6.375
"99","1900-1959","Delta Air Lines Inc.","Chattanooga, TN: Lovell Field",67,2.91304347826087
"100","1900-1959","ExpressJet Airlines Inc.","Chattanooga, TN: Lovell Field",2289,13.5443786982249
"101","1900-1959","SkyWest Airlines Inc.","Chattanooga, TN: Lovell Field",1471,31.9782608695652
"102","1900-1959","Delta Air Lines Inc.","Chicago, IL: Chicago Midway International",3254,18.9186046511628
"103","1900-1959","SkyWest Airlines Inc.","Chicago, IL: Chicago Midway International",597,29.85
"104","1900-1959","Southwest Airlines Co.","Chicago, IL: Chicago Midway International",110906,16.4500148323939
"105","1900-1959","Alaska Airlines Inc.","Chicago, IL: Chicago O'Hare International",6587,18.0465753424658
"106","1900-1959","American Airlines Inc.","Chicago, IL: Chicago O'Hare International",18910,27.1695402298851
"107","1900-1959","Delta Air Lines Inc.","Chicago, IL: Chicago O'Hare International",13980,24.7433628318584
"108","1900-1959","ExpressJet Airlines Inc.","Chicago, IL: Chicago O'Hare International",73248,18.2754491017964
"109","1900-1959","Frontier Airlines Inc.","Chicago, IL: Chicago O'Hare International",6784,32.7729468599034
"110","1900-1959","JetBlue Airways","Chicago, IL: Chicago O'Hare International",4673,28.3212121212121
"111","1900-1959","SkyWest Airlines Inc.","Chicago, IL: Chicago O'Hare International",62155,17.8657660247197
"112","1900-1959","Spirit Air Lines","Chicago, IL: Chicago O'Hare International",24143,28.4369846878681
"113","1900-1959","United Air Lines Inc.","Chicago, IL: Chicago O'Hare International",221681,27.5791241602389
"114","1900-1959","Virgin America","Chicago, IL: Chicago O'Hare International",1396,39.8857142857143
"115","1900-1959","Delta Air Lines Inc.","Cincinnati, OH: Cincinnati/Northern Kentucky International",2178,16.0147058823529
"116","1900-1959","ExpressJet Airlines Inc.","Cincinnati, OH: Cincinnati/Northern Kentucky International",2379,18.4418604651163
"117","1900-1959","Frontier Airlines Inc.","Cincinnati, OH: Cincinnati/Northern Kentucky International",1547,21.7887323943662
"118","1900-1959","SkyWest Airlines Inc.","Cincinnati, OH: Cincinnati/Northern Kentucky International",2383,22.9134615384615
"119","1900-1959","American Airlines Inc.","Cleveland, OH: Cleveland-Hopkins International",2779,19.709219858156
"120","1900-1959","Delta Air Lines Inc.","Cleveland, OH: Cleveland-Hopkins International",3410,11.5593220338983
"121","1900-1959","ExpressJet Airlines Inc.","Cleveland, OH: Cleveland-Hopkins International",9332,16.9672727272727
"122","1900-1959","Frontier Airlines Inc.","Cleveland, OH: Cleveland-Hopkins International",1288,16.9473684210526
"123","1900-1959","JetBlue Airways","Cleveland, OH: Cleveland-Hopkins International",4970,18.4758364312268
"124","1900-1959","SkyWest Airlines Inc.","Cleveland, OH: Cleveland-Hopkins International",0,0
"125","1900-1959","Southwest Airlines Co.","Cleveland, OH: Cleveland-Hopkins International",4600,18.4
"126","1900-1959","Spirit Air Lines","Cleveland, OH: Cleveland-Hopkins International",4680,16.1379310344828
"127","1900-1959","United Air Lines Inc.","Cleveland, OH: Cleveland-Hopkins International",3151,19.69375
"128","1900-1959","SkyWest Airlines Inc.","Cody, WY: Yellowstone Regional",183,12.2
"129","1900-1959","ExpressJet Airlines Inc.","College Station/Bryan, TX: Easterwood Field",274,5.82978723404255
"130","1900-1959","American Airlines Inc.","Colorado Springs, CO: City of Colorado Springs Municipal",0,0
"131","1900-1959","SkyWest Airlines Inc.","Colorado Springs, CO: City of Colorado Springs Municipal",191,191
"132","1900-1959","Delta Air Lines Inc.","Columbia, SC: Columbia Metropolitan",1164,18.1875
"133","1900-1959","ExpressJet Airlines Inc.","Columbia, SC: Columbia Metropolitan",4015,17.6872246696035
"134","1900-1959","American Airlines Inc.","Columbus, OH: Port Columbus International",3506,13.280303030303
"135","1900-1959","Delta Air Lines Inc.","Columbus, OH: Port Columbus International",840,7.70642201834862
"136","1900-1959","ExpressJet Airlines Inc.","Columbus, OH: Port Columbus International",4597,20.6143497757848
"137","1900-1959","SkyWest Airlines Inc.","Columbus, OH: Port Columbus International",399,4.53409090909091
"138","1900-1959","Southwest Airlines Co.","Columbus, OH: Port Columbus International",8006,15.8534653465347
"139","1900-1959","United Air Lines Inc.","Columbus, OH: Port Columbus International",0,0
"140","1900-1959","ExpressJet Airlines Inc.","Corpus Christi, TX: Corpus Christi International",2199,12.0824175824176
"141","1900-1959","SkyWest Airlines Inc.","Corpus Christi, TX: Corpus Christi International",0,0
"142","1900-1959","Southwest Airlines Co.","Corpus Christi, TX: Corpus Christi International",480,5.58139534883721
"143","1900-1959","Southwest Airlines Co.","Dallas, TX: Dallas Love Field",77540,20.6278265496143
"144","1900-1959","Virgin America","Dallas, TX: Dallas Love Field",5540,17.8135048231511
"145","1900-1959","Alaska Airlines Inc.","Dallas/Fort Worth, TX: Dallas/Fort Worth International",3737,10.3518005540166
"146","1900-1959","American Airlines Inc.","Dallas/Fort Worth, TX: Dallas/Fort Worth International",70500,21.5135794934391
"147","1900-1959","Delta Air Lines Inc.","Dallas/Fort Worth, TX: Dallas/Fort Worth International",7435,16.0237068965517
"148","1900-1959","ExpressJet Airlines Inc.","Dallas/Fort Worth, TX: Dallas/Fort Worth International",7714,27.9492753623188
"149","1900-1959","Frontier Airlines Inc.","Dallas/Fort Worth, TX: Dallas/Fort Worth International",6289,30.828431372549
"150","1900-1959","JetBlue Airways","Dallas/Fort Worth, TX: Dallas/Fort Worth International",430,25.2941176470588
"151","1900-1959","SkyWest Airlines Inc.","Dallas/Fort Worth, TX: Dallas/Fort Worth International",14373,26.0380434782609
"152","1900-1959","Spirit Air Lines","Dallas/Fort Worth, TX: Dallas/Fort Worth International",4760,23.219512195122
"153","1900-1959","United Air Lines Inc.","Dallas/Fort Worth, TX: Dallas/Fort Worth International",9400,18.6507936507937
"154","1900-1959","American Airlines Inc.","Dayton, OH: James M Cox/Dayton International",1791,15.3076923076923
"155","1900-1959","ExpressJet Airlines Inc.","Dayton, OH: James M Cox/Dayton International",340,17.8947368421053
"156","1900-1959","SkyWest Airlines Inc.","Dayton, OH: James M Cox/Dayton International",1738,36.9787234042553
"157","1900-1959","Southwest Airlines Co.","Dayton, OH: James M Cox/Dayton International",12,1
"158","1900-1959","Alaska Airlines Inc.","Denver, CO: Denver International",2468,11.4259259259259
"159","1900-1959","American Airlines Inc.","Denver, CO: Denver International",9177,40.7866666666667
"160","1900-1959","Delta Air Lines Inc.","Denver, CO: Denver International",3451,21.1717791411043
"161","1900-1959","Frontier Airlines Inc.","Denver, CO: Denver International",22561,23.5501043841336
"162","1900-1959","SkyWest Airlines Inc.","Denver, CO: Denver International",63471,12.2767891682785
"163","1900-1959","Southwest Airlines Co.","Denver, CO: Denver International",72200,17.946805866269
"164","1900-1959","Spirit Air Lines","Denver, CO: Denver International",1895,37.9
"165","1900-1959","United Air Lines Inc.","Denver, CO: Denver International",75623,15.598803630363
"166","1900-1959","American Airlines Inc.","Des Moines, IA: Des Moines International",346,69.2
"167","1900-1959","Frontier Airlines Inc.","Des Moines, IA: Des Moines International",2709,26.3009708737864
"168","1900-1959","SkyWest Airlines Inc.","Des Moines, IA: Des Moines International",2238,17.0839694656489
"169","1900-1959","Southwest Airlines Co.","Des Moines, IA: Des Moines International",433,8.01851851851852
"170","1900-1959","United Air Lines Inc.","Des Moines, IA: Des Moines International",61,12.2
"171","1900-1959","American Airlines Inc.","Detroit, MI: Detroit Metro Wayne County",5862,12.6883116883117
"172","1900-1959","Delta Air Lines Inc.","Detroit, MI: Detroit Metro Wayne County",28486,11.3535273017138
"173","1900-1959","ExpressJet Airlines Inc.","Detroit, MI: Detroit Metro Wayne County",10881,18.0149006622517
"174","1900-1959","Frontier Airlines Inc.","Detroit, MI: Detroit Metro Wayne County",11,11
"175","1900-1959","JetBlue Airways","Detroit, MI: Detroit Metro Wayne County",4697,20.5109170305677
"176","1900-1959","SkyWest Airlines Inc.","Detroit, MI: Detroit Metro Wayne County",8548,13.9445350734095
"177","1900-1959","Southwest Airlines Co.","Detroit, MI: Detroit Metro Wayne County",7456,18.8759493670886
"178","1900-1959","Spirit Air Lines","Detroit, MI: Detroit Metro Wayne County",19830,23.3294117647059
"179","1900-1959","United Air Lines Inc.","Detroit, MI: Detroit Metro Wayne County",272,24.7272727272727
"180","1900-1959","SkyWest Airlines Inc.","Duluth, MN: Duluth International",88,2.2
"181","1900-1959","ExpressJet Airlines Inc.","Durango, CO: Durango La Plata County",0,NA
"182","1900-1959","SkyWest Airlines Inc.","Durango, CO: Durango La Plata County",821,10.9466666666667
"183","1900-1959","American Airlines Inc.","Eagle, CO: Eagle County Regional",933,10.1413043478261
"184","1900-1959","ExpressJet Airlines Inc.","El Paso, TX: El Paso International",29,29
"185","1900-1959","Southwest Airlines Co.","El Paso, TX: El Paso International",5749,24.463829787234
"186","1900-1959","SkyWest Airlines Inc.","Escanaba, MI: Delta County",50,50
"187","1900-1959","SkyWest Airlines Inc.","Eugene, OR: Mahlon Sweet Field",1213,20.2166666666667
"188","1900-1959","Delta Air Lines Inc.","Fargo, ND: Hector International",750,25
"189","1900-1959","SkyWest Airlines Inc.","Fargo, ND: Hector International",1579,6.77682403433476
"190","1900-1959","American Airlines Inc.","Fayetteville, AR: Northwest Arkansas Regional",122,122
"191","1900-1959","Delta Air Lines Inc.","Fayetteville, AR: Northwest Arkansas Regional",0,0
"192","1900-1959","SkyWest Airlines Inc.","Fayetteville, AR: Northwest Arkansas Regional",0,0
"193","1900-1959","ExpressJet Airlines Inc.","Fayetteville, NC: Fayetteville Regional/Grannis Field",1705,15.6422018348624
"194","1900-1959","Southwest Airlines Co.","Flint, MI: Bishop International",360,9.23076923076923
"195","1900-1959","American Airlines Inc.","Fort Lauderdale, FL: Fort Lauderdale-Hollywood International",13001,15.2773207990599
"196","1900-1959","Delta Air Lines Inc.","Fort Lauderdale, FL: Fort Lauderdale-Hollywood International",22224,23.3690851735016
"197","1900-1959","Frontier Airlines Inc.","Fort Lauderdale, FL: Fort Lauderdale-Hollywood International",246,10.25
"198","1900-1959","JetBlue Airways","Fort Lauderdale, FL: Fort Lauderdale-Hollywood International",55036,30.7807606263982
"199","1900-1959","Southwest Airlines Co.","Fort Lauderdale, FL: Fort Lauderdale-Hollywood International",26399,19.6275092936803
"200","1900-1959","Spirit Air Lines","Fort Lauderdale, FL: Fort Lauderdale-Hollywood International",1196,18.984126984127
"201","1900-1959","United Air Lines Inc.","Fort Lauderdale, FL: Fort Lauderdale-Hollywood International",1768,16.2201834862385
"202","1900-1959","Virgin America","Fort Lauderdale, FL: Fort Lauderdale-Hollywood International",22,5.5
"203","1900-1959","American Airlines Inc.","Fort Myers, FL: Southwest Florida International",3559,8.98737373737374
"204","1900-1959","Delta Air Lines Inc.","Fort Myers, FL: Southwest Florida International",3480,12.5631768953069
"205","1900-1959","Frontier Airlines Inc.","Fort Myers, FL: Southwest Florida International",488,12.5128205128205
"206","1900-1959","JetBlue Airways","Fort Myers, FL: Southwest Florida International",12120,28.5849056603774
"207","1900-1959","Southwest Airlines Co.","Fort Myers, FL: Southwest Florida International",15060,21.8260869565217
"208","1900-1959","Spirit Air Lines","Fort Myers, FL: Southwest Florida International",2378,14.5
"209","1900-1959","United Air Lines Inc.","Fort Myers, FL: Southwest Florida International",1996,11.810650887574
"210","1900-1959","SkyWest Airlines Inc.","Fort Wayne, IN: Fort Wayne International",0,0
"211","1900-1959","ExpressJet Airlines Inc.","Gainesville, FL: Gainesville Regional",3329,14.3491379310345
"212","1900-1959","SkyWest Airlines Inc.","Gillette, WY: Gillette Campbell County",478,8.69090909090909
"213","1900-1959","SkyWest Airlines Inc.","Grand Forks, ND: Grand Forks International",222,3.89473684210526
"214","1900-1959","SkyWest Airlines Inc.","Grand Junction, CO: Grand Junction Regional",0,0
"215","1900-1959","Delta Air Lines Inc.","Grand Rapids, MI: Gerald R. Ford International",1372,24.9454545454545
"216","1900-1959","ExpressJet Airlines Inc.","Grand Rapids, MI: Gerald R. Ford International",2,0.0540540540540541
"217","1900-1959","SkyWest Airlines Inc.","Grand Rapids, MI: Gerald R. Ford International",180,12.8571428571429
"218","1900-1959","Southwest Airlines Co.","Grand Rapids, MI: Gerald R. Ford International",1268,22.6428571428571
"219","1900-1959","ExpressJet Airlines Inc.","Green Bay, WI: Green Bay Austin Straubel International",82,5.125
"220","1900-1959","SkyWest Airlines Inc.","Green Bay, WI: Green Bay Austin Straubel International",1940,21.5555555555556
"221","1900-1959","Delta Air Lines Inc.","Greensboro/High Point, NC: Piedmont Triad International",310,6.2
"222","1900-1959","ExpressJet Airlines Inc.","Greensboro/High Point, NC: Piedmont Triad International",5734,22.4862745098039
"223","1900-1959","Delta Air Lines Inc.","Greer, SC: Greenville-Spartanburg International",1355,29.4565217391304
"224","1900-1959","ExpressJet Airlines Inc.","Greer, SC: Greenville-Spartanburg International",5009,35.5248226950355
"225","1900-1959","Southwest Airlines Co.","Greer, SC: Greenville-Spartanburg International",1429,10.2805755395683
"226","1900-1959","ExpressJet Airlines Inc.","Gulfport/Biloxi, MS: Gulfport-Biloxi International",164,12.6153846153846
"227","1900-1959","ExpressJet Airlines Inc.","Harlingen/San Benito, TX: Valley International",7,1.16666666666667
"228","1900-1959","Southwest Airlines Co.","Harlingen/San Benito, TX: Valley International",791,6.1796875
"229","1900-1959","American Airlines Inc.","Hartford, CT: Bradley International",1400,5.28301886792453
"230","1900-1959","Delta Air Lines Inc.","Hartford, CT: Bradley International",2320,16.3380281690141
"231","1900-1959","JetBlue Airways","Hartford, CT: Bradley International",5477,19.3533568904594
"232","1900-1959","SkyWest Airlines Inc.","Hartford, CT: Bradley International",336,21
"233","1900-1959","Southwest Airlines Co.","Hartford, CT: Bradley International",2843,20.0211267605634
"234","1900-1959","United Air Lines Inc.","Hartford, CT: Bradley International",3068,16.1473684210526
"235","1900-1959","Hawaiian Airlines Inc.","Hilo, HI: Hilo International",1956,3.46194690265487
"236","1900-1959","American Airlines Inc.","Honolulu, HI: Honolulu International",16,0.533333333333333
"237","1900-1959","Hawaiian Airlines Inc.","Honolulu, HI: Honolulu International",5220,3.2665832290363
"238","1900-1959","United Air Lines Inc.","Honolulu, HI: Honolulu International",3622,9.35917312661499
"239","1900-1959","American Airlines Inc.","Houston, TX: George Bush Intercontinental/Houston",5202,27.5238095238095
"240","1900-1959","Delta Air Lines Inc.","Houston, TX: George Bush Intercontinental/Houston",4217,20.3719806763285
"241","1900-1959","ExpressJet Airlines Inc.","Houston, TX: George Bush Intercontinental/Houston",59085,11.7793062200957
"242","1900-1959","Frontier Airlines Inc.","Houston, TX: George Bush Intercontinental/Houston",1867,18.126213592233
"243","1900-1959","SkyWest Airlines Inc.","Houston, TX: George Bush Intercontinental/Houston",13949,12.7504570383912
"244","1900-1959","Spirit Air Lines","Houston, TX: George Bush Intercontinental/Houston",9577,27.9212827988338
"245","1900-1959","United Air Lines Inc.","Houston, TX: George Bush Intercontinental/Houston",129450,18.7880986937591
"246","1900-1959","ExpressJet Airlines Inc.","Houston, TX: William P Hobby",1834,13.1942446043165
"247","1900-1959","Southwest Airlines Co.","Houston, TX: William P Hobby",39090,17.7681818181818
"248","1900-1959","ExpressJet Airlines Inc.","Huntsville, AL: Huntsville International-Carl T Jones Field",198,16.5
"249","1900-1959","American Airlines Inc.","Indianapolis, IN: Indianapolis International",6041,17.0169014084507
"250","1900-1959","Delta Air Lines Inc.","Indianapolis, IN: Indianapolis International",1728,14.5210084033613
"251","1900-1959","ExpressJet Airlines Inc.","Indianapolis, IN: Indianapolis International",3243,13.6835443037975
"252","1900-1959","Frontier Airlines Inc.","Indianapolis, IN: Indianapolis International",1244,12.1960784313725
"253","1900-1959","SkyWest Airlines Inc.","Indianapolis, IN: Indianapolis International",390,32.5
"254","1900-1959","Southwest Airlines Co.","Indianapolis, IN: Indianapolis International",10358,18.6630630630631
"255","1900-1959","United Air Lines Inc.","Indianapolis, IN: Indianapolis International",1860,33.2142857142857
"256","1900-1959","Southwest Airlines Co.","Islip, NY: Long Island MacArthur",1328,10.375
"257","1900-1959","Delta Air Lines Inc.","Jackson/Vicksburg, MS: Jackson Medgar Wiley Evers International",939,13.2253521126761
"258","1900-1959","ExpressJet Airlines Inc.","Jackson/Vicksburg, MS: Jackson Medgar Wiley Evers International",1372,11.9304347826087
"259","1900-1959","American Airlines Inc.","Jacksonville, FL: Jacksonville International",8186,24.2189349112426
"260","1900-1959","Delta Air Lines Inc.","Jacksonville, FL: Jacksonville International",2625,13.9627659574468
"261","1900-1959","ExpressJet Airlines Inc.","Jacksonville, FL: Jacksonville International",664,28.8695652173913
"262","1900-1959","JetBlue Airways","Jacksonville, FL: Jacksonville International",11281,32.0482954545455
"263","1900-1959","Southwest Airlines Co.","Jacksonville, FL: Jacksonville International",6600,12
"264","1900-1959","United Air Lines Inc.","Jacksonville, FL: Jacksonville International",852,24.3428571428571
"265","1900-1959","Alaska Airlines Inc.","Juneau, AK: Juneau International",2004,7.67816091954023
"266","1900-1959","Alaska Airlines Inc.","Kahului, HI: Kahului Airport",6,6
"267","1900-1959","Hawaiian Airlines Inc.","Kahului, HI: Kahului Airport",1042,2.57920792079208
"268","1900-1959","United Air Lines Inc.","Kahului, HI: Kahului Airport",294,58.8
"269","1900-1959","ExpressJet Airlines Inc.","Kalamazoo, MI: Kalamazoo/Battle Creek International",178,22.25
"270","1900-1959","SkyWest Airlines Inc.","Kalamazoo, MI: Kalamazoo/Battle Creek International",0,0
"271","1900-1959","American Airlines Inc.","Kansas City, MO: Kansas City International",1047,11.5054945054945
"272","1900-1959","Delta Air Lines Inc.","Kansas City, MO: Kansas City International",3597,13.6768060836502
"273","1900-1959","ExpressJet Airlines Inc.","Kansas City, MO: Kansas City International",181,30.1666666666667
"274","1900-1959","Frontier Airlines Inc.","Kansas City, MO: Kansas City International",3510,16.6350710900474
"275","1900-1959","SkyWest Airlines Inc.","Kansas City, MO: Kansas City International",2886,19.6326530612245
"276","1900-1959","Southwest Airlines Co.","Kansas City, MO: Kansas City International",27131,18.2823450134771
"277","1900-1959","Spirit Air Lines","Kansas City, MO: Kansas City International",2452,22.9158878504673
"278","1900-1959","ExpressJet Airlines Inc.","Killeen, TX: Robert Gray AAF",138,5.11111111111111
"279","1900-1959","Delta Air Lines Inc.","Knoxville, TN: McGhee Tyson",1787,13.5378787878788
"280","1900-1959","ExpressJet Airlines Inc.","Knoxville, TN: McGhee Tyson",6819,18.4297297297297
"281","1900-1959","Hawaiian Airlines Inc.","Kona, HI: Kona International Airport at Keahole",783,2.06052631578947
"282","1900-1959","United Air Lines Inc.","Kona, HI: Kona International Airport at Keahole",359,12.8214285714286
"283","1900-1959","Alaska Airlines Inc.","Kotzebue, AK: Ralph Wien Memorial",1510,5
"284","1900-1959","ExpressJet Airlines Inc.","Lafayette, LA: Lafayette Regional Paul Fournet Field",1842,7.33864541832669
"285","1900-1959","ExpressJet Airlines Inc.","Lansing, MI: Capital Region International",1251,24.0576923076923
"286","1900-1959","SkyWest Airlines Inc.","Lansing, MI: Capital Region International",699,18.8918918918919
"287","1900-1959","Alaska Airlines Inc.","Las Vegas, NV: McCarran International",6373,8.83911234396671
"288","1900-1959","American Airlines Inc.","Las Vegas, NV: McCarran International",10611,21.7438524590164
"289","1900-1959","Delta Air Lines Inc.","Las Vegas, NV: McCarran International",526,9.2280701754386
"290","1900-1959","Frontier Airlines Inc.","Las Vegas, NV: McCarran International",2112,15.5294117647059
"291","1900-1959","JetBlue Airways","Las Vegas, NV: McCarran International",10115,32.7346278317152
"292","1900-1959","SkyWest Airlines Inc.","Las Vegas, NV: McCarran International",190,8.63636363636364
"293","1900-1959","Southwest Airlines Co.","Las Vegas, NV: McCarran International",69559,16.530180608365
"294","1900-1959","Spirit Air Lines","Las Vegas, NV: McCarran International",10853,34.5636942675159
"295","1900-1959","United Air Lines Inc.","Las Vegas, NV: McCarran International",8092,17.9822222222222
"296","1900-1959","Virgin America","Las Vegas, NV: McCarran International",4242,14.3310810810811
"297","1900-1959","Spirit Air Lines","Latrobe, PA: Arnold Palmer Regional",3004,13.4708520179372
"298","1900-1959","Delta Air Lines Inc.","Lexington, KY: Blue Grass",223,37.1666666666667
"299","1900-1959","ExpressJet Airlines Inc.","Lexington, KY: Blue Grass",4317,18.1386554621849
"300","1900-1959","SkyWest Airlines Inc.","Lexington, KY: Blue Grass",105,4.56521739130435
"301","1900-1959","Hawaiian Airlines Inc.","Lihue, HI: Lihue Airport",869,2.42061281337047
"302","1900-1959","United Air Lines Inc.","Lihue, HI: Lihue Airport",10,2.5
"303","1900-1959","Delta Air Lines Inc.","Little Rock, AR: Bill and Hillary Clinton Nat Adams Field",369,23.0625
"304","1900-1959","ExpressJet Airlines Inc.","Little Rock, AR: Bill and Hillary Clinton Nat Adams Field",705,29.375
"305","1900-1959","SkyWest Airlines Inc.","Little Rock, AR: Bill and Hillary Clinton Nat Adams Field",241,15.0625
"306","1900-1959","Southwest Airlines Co.","Little Rock, AR: Bill and Hillary Clinton Nat Adams Field",585,5.57142857142857
"307","1900-1959","JetBlue Airways","Long Beach, CA: Long Beach Airport",8428,15.1039426523297
"308","1900-1959","Southwest Airlines Co.","Long Beach, CA: Long Beach Airport",365,30.4166666666667
"309","1900-1959","Alaska Airlines Inc.","Los Angeles, CA: Los Angeles International",7646,7.48873653281097
"310","1900-1959","American Airlines Inc.","Los Angeles, CA: Los Angeles International",18780,17.3567467652495
"311","1900-1959","Delta Air Lines Inc.","Los Angeles, CA: Los Angeles International",17621,17.568295114656
"312","1900-1959","Frontier Airlines Inc.","Los Angeles, CA: Los Angeles International",4577,38.1416666666667
"313","1900-1959","SkyWest Airlines Inc.","Los Angeles, CA: Los Angeles International",37428,14.0706766917293
"314","1900-1959","Southwest Airlines Co.","Los Angeles, CA: Los Angeles International",64056,24.2177693761815
"315","1900-1959","Spirit Air Lines","Los Angeles, CA: Los Angeles International",17073,21.314606741573
"316","1900-1959","United Air Lines Inc.","Los Angeles, CA: Los Angeles International",11974,14.8560794044665
"317","1900-1959","Virgin America","Los Angeles, CA: Los Angeles International",9612,26.6260387811634
"318","1900-1959","American Airlines Inc.","Louisville, KY: Louisville International-Standiford Field",96,24
"319","1900-1959","Delta Air Lines Inc.","Louisville, KY: Louisville International-Standiford Field",2041,11.0923913043478
"320","1900-1959","ExpressJet Airlines Inc.","Louisville, KY: Louisville International-Standiford Field",257,6.76315789473684
"321","1900-1959","Southwest Airlines Co.","Louisville, KY: Louisville International-Standiford Field",1129,9.90350877192983
"322","1900-1959","Southwest Airlines Co.","Lubbock, TX: Lubbock Preston Smith International",2507,44.7678571428571
"323","1900-1959","ExpressJet Airlines Inc.","Madison, WI: Dane County Regional-Truax Field",343,4.9
"324","1900-1959","Frontier Airlines Inc.","Madison, WI: Dane County Regional-Truax Field",1197,9.3515625
"325","1900-1959","SkyWest Airlines Inc.","Madison, WI: Dane County Regional-Truax Field",4064,12.9015873015873
"326","1900-1959","United Air Lines Inc.","Madison, WI: Dane County Regional-Truax Field",0,0
"327","1900-1959","ExpressJet Airlines Inc.","Manchester, NH: Manchester-Boston Regional",0,0
"328","1900-1959","Southwest Airlines Co.","Manchester, NH: Manchester-Boston Regional",224,28
"329","1900-1959","SkyWest Airlines Inc.","Medford, OR: Rogue Valley International - Medford",3261,32.61
"330","1900-1959","ExpressJet Airlines Inc.","Melbourne, FL: Melbourne International",1791,19.4673913043478
"331","1900-1959","American Airlines Inc.","Memphis, TN: Memphis International",5645,24.5434782608696
"332","1900-1959","Delta Air Lines Inc.","Memphis, TN: Memphis International",1766,12.8905109489051
"333","1900-1959","ExpressJet Airlines Inc.","Memphis, TN: Memphis International",2061,20.0097087378641
"334","1900-1959","Frontier Airlines Inc.","Memphis, TN: Memphis International",228,5.7
"335","1900-1959","SkyWest Airlines Inc.","Memphis, TN: Memphis International",0,0
"336","1900-1959","Southwest Airlines Co.","Memphis, TN: Memphis International",4789,16.8035087719298
"337","1900-1959","American Airlines Inc.","Miami, FL: Miami International",36636,16.6906605922551
"338","1900-1959","Delta Air Lines Inc.","Miami, FL: Miami International",21649,21.1416015625
"339","1900-1959","Frontier Airlines Inc.","Miami, FL: Miami International",2287,14.5668789808917
"340","1900-1959","United Air Lines Inc.","Miami, FL: Miami International",5920,25.4077253218884
"341","1900-1959","ExpressJet Airlines Inc.","Midland/Odessa, TX: Midland International Air and Space Port",1468,13.1071428571429
"342","1900-1959","SkyWest Airlines Inc.","Midland/Odessa, TX: Midland International Air and Space Port",386,7.56862745098039
"343","1900-1959","Southwest Airlines Co.","Midland/Odessa, TX: Midland International Air and Space Port",4807,12.2627551020408
"344","1900-1959","American Airlines Inc.","Milwaukee, WI: General Mitchell International",0,0
"345","1900-1959","Delta Air Lines Inc.","Milwaukee, WI: General Mitchell International",2954,10.6258992805755
"346","1900-1959","ExpressJet Airlines Inc.","Milwaukee, WI: General Mitchell International",283,6.58139534883721
"347","1900-1959","Frontier Airlines Inc.","Milwaukee, WI: General Mitchell International",4335,15.9375
"348","1900-1959","SkyWest Airlines Inc.","Milwaukee, WI: General Mitchell International",6547,12.0349264705882
"349","1900-1959","Southwest Airlines Co.","Milwaukee, WI: General Mitchell International",11906,14.2929171668667
"350","1900-1959","Alaska Airlines Inc.","Minneapolis, MN: Minneapolis-St Paul International",697,8.29761904761905
"351","1900-1959","American Airlines Inc.","Minneapolis, MN: Minneapolis-St Paul International",10027,32.5551948051948
"352","1900-1959","Delta Air Lines Inc.","Minneapolis, MN: Minneapolis-St Paul International",98372,13.2594689311228
"353","1900-1959","ExpressJet Airlines Inc.","Minneapolis, MN: Minneapolis-St Paul International",14767,28.3980769230769
"354","1900-1959","Frontier Airlines Inc.","Minneapolis, MN: Minneapolis-St Paul International",1790,19.8888888888889
"355","1900-1959","SkyWest Airlines Inc.","Minneapolis, MN: Minneapolis-St Paul International",25709,9.53597922848665
"356","1900-1959","Southwest Airlines Co.","Minneapolis, MN: Minneapolis-St Paul International",8700,18.8311688311688
"357","1900-1959","Spirit Air Lines","Minneapolis, MN: Minneapolis-St Paul International",9449,24.2904884318766
"358","1900-1959","United Air Lines Inc.","Minneapolis, MN: Minneapolis-St Paul International",90,30
"359","1900-1959","SkyWest Airlines Inc.","Minot, ND: Minot International",1962,24.2222222222222
"360","1900-1959","ExpressJet Airlines Inc.","Mission/McAllen/Edinburg, TX: McAllen Miller International",218,2.24742268041237
"361","1900-1959","SkyWest Airlines Inc.","Mission/McAllen/Edinburg, TX: McAllen Miller International",218,6.8125
"362","1900-1959","SkyWest Airlines Inc.","Missoula, MT: Missoula International",962,12.4935064935065
"363","1900-1959","ExpressJet Airlines Inc.","Mobile, AL: Mobile Regional",4948,18.3940520446097
"364","1900-1959","ExpressJet Airlines Inc.","Moline, IL: Quad City International",3,3
"365","1900-1959","SkyWest Airlines Inc.","Moline, IL: Quad City International",44,11
"366","1900-1959","SkyWest Airlines Inc.","Monterey, CA: Monterey Regional",1308,6.70769230769231
"367","1900-1959","SkyWest Airlines Inc.","Muskegon, MI: Muskegon County",330,10.3125
"368","1900-1959","Delta Air Lines Inc.","Myrtle Beach, SC: Myrtle Beach International",421,7.3859649122807
"369","1900-1959","ExpressJet Airlines Inc.","Myrtle Beach, SC: Myrtle Beach International",2875,16.3352272727273
"370","1900-1959","American Airlines Inc.","Nashville, TN: Nashville International",9141,21.0137931034483
"371","1900-1959","Delta Air Lines Inc.","Nashville, TN: Nashville International",1850,12.5850340136054
"372","1900-1959","ExpressJet Airlines Inc.","Nashville, TN: Nashville International",95,11.875
"373","1900-1959","Frontier Airlines Inc.","Nashville, TN: Nashville International",2408,29.3658536585366
"374","1900-1959","JetBlue Airways","Nashville, TN: Nashville International",693,12.6
"375","1900-1959","SkyWest Airlines Inc.","Nashville, TN: Nashville International",144,14.4
"376","1900-1959","Southwest Airlines Co.","Nashville, TN: Nashville International",41139,17.3802281368821
"377","1900-1959","United Air Lines Inc.","Nashville, TN: Nashville International",1629,42.8684210526316
"378","1900-1959","American Airlines Inc.","New Orleans, LA: Louis Armstrong New Orleans International",1046,9.42342342342342
"379","1900-1959","Delta Air Lines Inc.","New Orleans, LA: Louis Armstrong New Orleans International",7779,13.9408602150538
"380","1900-1959","Frontier Airlines Inc.","New Orleans, LA: Louis Armstrong New Orleans International",3013,13.2149122807018
"381","1900-1959","JetBlue Airways","New Orleans, LA: Louis Armstrong New Orleans International",14,7
"382","1900-1959","SkyWest Airlines Inc.","New Orleans, LA: Louis Armstrong New Orleans International",78,7.8
"383","1900-1959","Southwest Airlines Co.","New Orleans, LA: Louis Armstrong New Orleans International",16134,14.720802919708
"384","1900-1959","Spirit Air Lines","New Orleans, LA: Louis Armstrong New Orleans International",4912,17.0555555555556
"385","1900-1959","United Air Lines Inc.","New Orleans, LA: Louis Armstrong New Orleans International",3328,17.8924731182796
"386","1900-1959","American Airlines Inc.","New York, NY: John F. Kennedy International",18990,27.0512820512821
"387","1900-1959","Delta Air Lines Inc.","New York, NY: John F. Kennedy International",102737,25.5183805265772
"388","1900-1959","JetBlue Airways","New York, NY: John F. Kennedy International",62891,25.0362261146497
"389","1900-1959","American Airlines Inc.","New York, NY: LaGuardia",24097,19.7678424938474
"390","1900-1959","Delta Air Lines Inc.","New York, NY: LaGuardia",58398,31.8418756815703
"391","1900-1959","ExpressJet Airlines Inc.","New York, NY: LaGuardia",20524,48.1784037558685
"392","1900-1959","JetBlue Airways","New York, NY: LaGuardia",29564,42.5381294964029
"393","1900-1959","SkyWest Airlines Inc.","New York, NY: LaGuardia",1578,28.1785714285714
"394","1900-1959","Southwest Airlines Co.","New York, NY: LaGuardia",15673,30.8523622047244
"395","1900-1959","Spirit Air Lines","New York, NY: LaGuardia",9868,33.679180887372
"396","1900-1959","United Air Lines Inc.","New York, NY: LaGuardia",5024,37.4925373134328
"397","1900-1959","Alaska Airlines Inc.","Newark, NJ: Newark Liberty International",1026,25.0243902439024
"398","1900-1959","American Airlines Inc.","Newark, NJ: Newark Liberty International",11,11
"399","1900-1959","Delta Air Lines Inc.","Newark, NJ: Newark Liberty International",5373,30.8793103448276
"400","1900-1959","ExpressJet Airlines Inc.","Newark, NJ: Newark Liberty International",54831,28.4540736896731
"401","1900-1959","JetBlue Airways","Newark, NJ: Newark Liberty International",3553,48.6712328767123
"402","1900-1959","United Air Lines Inc.","Newark, NJ: Newark Liberty International",118601,30.7974552064399
"403","1900-1959","Virgin America","Newark, NJ: Newark Liberty International",907,37.7916666666667
"404","1900-1959","Alaska Airlines Inc.","Nome, AK: Nome Airport",301,7.16666666666667
"405","1900-1959","American Airlines Inc.","Norfolk, VA: Norfolk International",1646,16.6262626262626
"406","1900-1959","Delta Air Lines Inc.","Norfolk, VA: Norfolk International",2329,13.7
"407","1900-1959","ExpressJet Airlines Inc.","Norfolk, VA: Norfolk International",1292,14.0434782608696
"408","1900-1959","Southwest Airlines Co.","Norfolk, VA: Norfolk International",4038,21.1413612565445
"409","1900-1959","American Airlines Inc.","Oakland, CA: Metropolitan Oakland International",763,8.03157894736842
"410","1900-1959","Delta Air Lines Inc.","Oakland, CA: Metropolitan Oakland International",127,3.62857142857143
"411","1900-1959","JetBlue Airways","Oakland, CA: Metropolitan Oakland International",1373,11.2540983606557
"412","1900-1959","SkyWest Airlines Inc.","Oakland, CA: Metropolitan Oakland International",133,10.2307692307692
"413","1900-1959","Southwest Airlines Co.","Oakland, CA: Metropolitan Oakland International",42775,16.1354205960015
"414","1900-1959","ExpressJet Airlines Inc.","Oklahoma City, OK: Will Rogers World",3,0.6
"415","1900-1959","SkyWest Airlines Inc.","Oklahoma City, OK: Will Rogers World",1366,13.1346153846154
"416","1900-1959","Southwest Airlines Co.","Oklahoma City, OK: Will Rogers World",7343,16.6886363636364
"417","1900-1959","American Airlines Inc.","Omaha, NE: Eppley Airfield",185,5.44117647058824
"418","1900-1959","Delta Air Lines Inc.","Omaha, NE: Eppley Airfield",1258,19.3538461538462
"419","1900-1959","ExpressJet Airlines Inc.","Omaha, NE: Eppley Airfield",1699,40.4523809523809
"420","1900-1959","Frontier Airlines Inc.","Omaha, NE: Eppley Airfield",1808,18.8333333333333
"421","1900-1959","SkyWest Airlines Inc.","Omaha, NE: Eppley Airfield",3888,16.5446808510638
"422","1900-1959","Southwest Airlines Co.","Omaha, NE: Eppley Airfield",12056,21.3380530973451
"423","1900-1959","American Airlines Inc.","Ontario, CA: Ontario International",226,5.38095238095238
"424","1900-1959","SkyWest Airlines Inc.","Ontario, CA: Ontario International",6333,26.7215189873418
"425","1900-1959","Southwest Airlines Co.","Ontario, CA: Ontario International",15275,19.2138364779874
"426","1900-1959","American Airlines Inc.","Orlando, FL: Orlando International",32473,19.2261693309651
"427","1900-1959","Delta Air Lines Inc.","Orlando, FL: Orlando International",24695,20.9991496598639
"428","1900-1959","Frontier Airlines Inc.","Orlando, FL: Orlando International",7838,19.2107843137255
"429","1900-1959","JetBlue Airways","Orlando, FL: Orlando International",43870,32.7143922445936
"430","1900-1959","Southwest Airlines Co.","Orlando, FL: Orlando International",58533,16.9562572421784
"431","1900-1959","Spirit Air Lines","Orlando, FL: Orlando International",3721,19.3802083333333
"432","1900-1959","United Air Lines Inc.","Orlando, FL: Orlando International",14102,19.0567567567568
"433","1900-1959","Alaska Airlines Inc.","Palm Springs, CA: Palm Springs International",1005,18.2727272727273
"434","1900-1959","SkyWest Airlines Inc.","Palm Springs, CA: Palm Springs International",323,64.6
"435","1900-1959","Virgin America","Palm Springs, CA: Palm Springs International",2085,34.1803278688525
"436","1900-1959","Delta Air Lines Inc.","Panama City, FL: Northwest Florida Beaches International",0,0
"437","1900-1959","Southwest Airlines Co.","Panama City, FL: Northwest Florida Beaches International",2306,12.8111111111111
"438","1900-1959","SkyWest Airlines Inc.","Pasco/Kennewick/Richland, WA: Tri Cities",1666,26.03125
"439","1900-1959","SkyWest Airlines Inc.","Pellston, MI: Pellston Regional Airport of Emmet County",0,0
"440","1900-1959","Delta Air Lines Inc.","Pensacola, FL: Pensacola International",1419,15.4239130434783
"441","1900-1959","ExpressJet Airlines Inc.","Pensacola, FL: Pensacola International",0,0
"442","1900-1959","Southwest Airlines Co.","Pensacola, FL: Pensacola International",1668,13.9
"443","1900-1959","ExpressJet Airlines Inc.","Peoria, IL: General Downing - Peoria International",592,14.8
"444","1900-1959","SkyWest Airlines Inc.","Peoria, IL: General Downing - Peoria International",1346,20.7076923076923
"445","1900-1959","American Airlines Inc.","Philadelphia, PA: Philadelphia International",12730,17.4145006839945
"446","1900-1959","Delta Air Lines Inc.","Philadelphia, PA: Philadelphia International",9947,19.427734375
"447","1900-1959","ExpressJet Airlines Inc.","Philadelphia, PA: Philadelphia International",0,0
"448","1900-1959","Frontier Airlines Inc.","Philadelphia, PA: Philadelphia International",6831,33.9850746268657
"449","1900-1959","JetBlue Airways","Philadelphia, PA: Philadelphia International",3502,22.3057324840764
"450","1900-1959","SkyWest Airlines Inc.","Philadelphia, PA: Philadelphia International",295,8.93939393939394
"451","1900-1959","Southwest Airlines Co.","Philadelphia, PA: Philadelphia International",5495,27.0689655172414
"452","1900-1959","Spirit Air Lines","Philadelphia, PA: Philadelphia International",8348,24.9194029850746
"453","1900-1959","United Air Lines Inc.","Philadelphia, PA: Philadelphia International",23,23
"454","1900-1959","Alaska Airlines Inc.","Phoenix, AZ: Phoenix Sky Harbor International",2846,7.84022038567493
"455","1900-1959","American Airlines Inc.","Phoenix, AZ: Phoenix Sky Harbor International",15596,10.2470433639947
"456","1900-1959","Delta Air Lines Inc.","Phoenix, AZ: Phoenix Sky Harbor International",842,6.01428571428571
"457","1900-1959","Frontier Airlines Inc.","Phoenix, AZ: Phoenix Sky Harbor International",8567,27.6354838709677
"458","1900-1959","SkyWest Airlines Inc.","Phoenix, AZ: Phoenix Sky Harbor International",9335,8.63552266419982
"459","1900-1959","Southwest Airlines Co.","Phoenix, AZ: Phoenix Sky Harbor International",70229,18.3797435226381
"460","1900-1959","United Air Lines Inc.","Phoenix, AZ: Phoenix Sky Harbor International",4678,26.4293785310734
"461","1900-1959","American Airlines Inc.","Pittsburgh, PA: Pittsburgh International",2625,7.85928143712575
"462","1900-1959","Delta Air Lines Inc.","Pittsburgh, PA: Pittsburgh International",2296,10.2044444444444
"463","1900-1959","ExpressJet Airlines Inc.","Pittsburgh, PA: Pittsburgh International",2880,20
"464","1900-1959","JetBlue Airways","Pittsburgh, PA: Pittsburgh International",4168,17.3666666666667
"465","1900-1959","SkyWest Airlines Inc.","Pittsburgh, PA: Pittsburgh International",707,14.14
"466","1900-1959","Southwest Airlines Co.","Pittsburgh, PA: Pittsburgh International",4111,13.7033333333333
"467","1900-1959","United Air Lines Inc.","Pittsburgh, PA: Pittsburgh International",6,0.75
"468","1900-1959","ExpressJet Airlines Inc.","Portland, ME: Portland International Jetport",3563,37.9042553191489
"469","1900-1959","JetBlue Airways","Portland, ME: Portland International Jetport",5390,31.3372093023256
"470","1900-1959","United Air Lines Inc.","Portland, ME: Portland International Jetport",779,64.9166666666667
"471","1900-1959","Alaska Airlines Inc.","Portland, OR: Portland International",3088,10.7595818815331
"472","1900-1959","American Airlines Inc.","Portland, OR: Portland International",147,36.75
"473","1900-1959","Delta Air Lines Inc.","Portland, OR: Portland International",5621,15.7011173184358
"474","1900-1959","Frontier Airlines Inc.","Portland, OR: Portland International",4176,14.4498269896194
"475","1900-1959","SkyWest Airlines Inc.","Portland, OR: Portland International",5802,9.54276315789474
"476","1900-1959","Southwest Airlines Co.","Portland, OR: Portland International",11573,23.8127572016461
"477","1900-1959","Spirit Air Lines","Portland, OR: Portland International",4805,20.4468085106383
"478","1900-1959","United Air Lines Inc.","Portland, OR: Portland International",4814,22.6009389671362
"479","1900-1959","American Airlines Inc.","Providence, RI: Theodore Francis Green State",2888,11.2373540856031
"480","1900-1959","JetBlue Airways","Providence, RI: Theodore Francis Green State",197,16.4166666666667
"481","1900-1959","Southwest Airlines Co.","Providence, RI: Theodore Francis Green State",1303,17.3733333333333
"482","1900-1959","Frontier Airlines Inc.","Punta Gorda, FL: Punta Gorda Airport",99,7.61538461538461
"483","1900-1959","American Airlines Inc.","Raleigh/Durham, NC: Raleigh-Durham International",9999,19.4155339805825
"484","1900-1959","Delta Air Lines Inc.","Raleigh/Durham, NC: Raleigh-Durham International",6437,14.7299771167048
"485","1900-1959","ExpressJet Airlines Inc.","Raleigh/Durham, NC: Raleigh-Durham International",7888,27.3888888888889
"486","1900-1959","Frontier Airlines Inc.","Raleigh/Durham, NC: Raleigh-Durham International",1447,20.9710144927536
"487","1900-1959","JetBlue Airways","Raleigh/Durham, NC: Raleigh-Durham International",6705,26.6071428571429
"488","1900-1959","SkyWest Airlines Inc.","Raleigh/Durham, NC: Raleigh-Durham International",80,80
"489","1900-1959","Southwest Airlines Co.","Raleigh/Durham, NC: Raleigh-Durham International",10452,16.2550544323484
"490","1900-1959","United Air Lines Inc.","Raleigh/Durham, NC: Raleigh-Durham International",1145,9.87068965517241
"491","1900-1959","SkyWest Airlines Inc.","Rapid City, SD: Rapid City Regional",555,16.3235294117647
"492","1900-1959","American Airlines Inc.","Reno, NV: Reno/Tahoe International",995,13.0921052631579
"493","1900-1959","SkyWest Airlines Inc.","Reno, NV: Reno/Tahoe International",3315,17.265625
"494","1900-1959","Southwest Airlines Co.","Reno, NV: Reno/Tahoe International",5301,15.0169971671388
"495","1900-1959","American Airlines Inc.","Richmond, VA: Richmond International",7538,18.1638554216867
"496","1900-1959","Delta Air Lines Inc.","Richmond, VA: Richmond International",2948,12.1818181818182
"497","1900-1959","ExpressJet Airlines Inc.","Richmond, VA: Richmond International",327,9.90909090909091
"498","1900-1959","JetBlue Airways","Richmond, VA: Richmond International",2598,19.2444444444444
"499","1900-1959","SkyWest Airlines Inc.","Richmond, VA: Richmond International",0,0
"500","1900-1959","ExpressJet Airlines Inc.","Roanoke, VA: Roanoke Blacksburg Regional Woodrum Field",5457,24.4708520179372
"501","1900-1959","ExpressJet Airlines Inc.","Rochester, NY: Greater Rochester International",1314,21.5409836065574
"502","1900-1959","JetBlue Airways","Rochester, NY: Greater Rochester International",2383,28.0352941176471
"503","1900-1959","Southwest Airlines Co.","Rochester, NY: Greater Rochester International",8,8
"504","1900-1959","Alaska Airlines Inc.","Sacramento, CA: Sacramento International",3436,10.0762463343109
"505","1900-1959","American Airlines Inc.","Sacramento, CA: Sacramento International",1821,5.8741935483871
"506","1900-1959","Delta Air Lines Inc.","Sacramento, CA: Sacramento International",3918,15.7983870967742
"507","1900-1959","JetBlue Airways","Sacramento, CA: Sacramento International",1040,9.90476190476191
"508","1900-1959","SkyWest Airlines Inc.","Sacramento, CA: Sacramento International",6424,11.191637630662
"509","1900-1959","Southwest Airlines Co.","Sacramento, CA: Sacramento International",20572,18.3678571428571
"510","1900-1959","United Air Lines Inc.","Sacramento, CA: Sacramento International",0,0
"511","1900-1959","SkyWest Airlines Inc.","Saginaw/Bay City/Midland, MI: MBS International",4472,13.5105740181269
"512","1900-1959","Alaska Airlines Inc.","Salt Lake City, UT: Salt Lake City International",1136,5.40952380952381
"513","1900-1959","American Airlines Inc.","Salt Lake City, UT: Salt Lake City International",306,34
"514","1900-1959","Delta Air Lines Inc.","Salt Lake City, UT: Salt Lake City International",639,6.79787234042553
"515","1900-1959","Frontier Airlines Inc.","Salt Lake City, UT: Salt Lake City International",3308,37.5909090909091
"516","1900-1959","JetBlue Airways","Salt Lake City, UT: Salt Lake City International",3191,21.5608108108108
"517","1900-1959","SkyWest Airlines Inc.","Salt Lake City, UT: Salt Lake City International",2892,16.3389830508475
"518","1900-1959","Southwest Airlines Co.","Salt Lake City, UT: Salt Lake City International",3442,14.3416666666667
"519","1900-1959","United Air Lines Inc.","Salt Lake City, UT: Salt Lake City International",64,4.57142857142857
"520","1900-1959","American Airlines Inc.","San Antonio, TX: San Antonio International",4274,13.030487804878
"521","1900-1959","Frontier Airlines Inc.","San Antonio, TX: San Antonio International",1367,40.2058823529412
"522","1900-1959","SkyWest Airlines Inc.","San Antonio, TX: San Antonio International",1632,28.6315789473684
"523","1900-1959","Southwest Airlines Co.","San Antonio, TX: San Antonio International",14633,13.5742115027829
"524","1900-1959","United Air Lines Inc.","San Antonio, TX: San Antonio International",3032,12.3755102040816
"525","1900-1959","Alaska Airlines Inc.","San Diego, CA: San Diego International",1891,5.19505494505495
"526","1900-1959","American Airlines Inc.","San Diego, CA: San Diego International",6320,18.6430678466077
"527","1900-1959","Delta Air Lines Inc.","San Diego, CA: San Diego International",0,0
"528","1900-1959","Frontier Airlines Inc.","San Diego, CA: San Diego International",3518,14.3008130081301
"529","1900-1959","SkyWest Airlines Inc.","San Diego, CA: San Diego International",6158,12.0508806262231
"530","1900-1959","Southwest Airlines Co.","San Diego, CA: San Diego International",29444,16.3396226415094
"531","1900-1959","Spirit Air Lines","San Diego, CA: San Diego International",2151,15.041958041958
"532","1900-1959","United Air Lines Inc.","San Diego, CA: San Diego International",4975,20.4732510288066
"533","1900-1959","Virgin America","San Diego, CA: San Diego International",6582,23.1760563380282
"534","1900-1959","Alaska Airlines Inc.","San Francisco, CA: San Francisco International",7835,21.7638888888889
"535","1900-1959","American Airlines Inc.","San Francisco, CA: San Francisco International",7509,20.1854838709677
"536","1900-1959","Delta Air Lines Inc.","San Francisco, CA: San Francisco International",5949,18.4751552795031
"537","1900-1959","Frontier Airlines Inc.","San Francisco, CA: San Francisco International",1012,21.0833333333333
"538","1900-1959","JetBlue Airways","San Francisco, CA: San Francisco International",4065,23.2285714285714
"539","1900-1959","SkyWest Airlines Inc.","San Francisco, CA: San Francisco International",36526,15.8946910356832
"540","1900-1959","Southwest Airlines Co.","San Francisco, CA: San Francisco International",19182,21.5044843049327
"541","1900-1959","United Air Lines Inc.","San Francisco, CA: San Francisco International",45881,15.9198473282443
"542","1900-1959","Virgin America","San Francisco, CA: San Francisco International",14915,20.9186535764376
"543","1900-1959","Alaska Airlines Inc.","San Jose, CA: Norman Y. Mineta San Jose International",39,39
"544","1900-1959","American Airlines Inc.","San Jose, CA: Norman Y. Mineta San Jose International",2837,8.46865671641791
"545","1900-1959","SkyWest Airlines Inc.","San Jose, CA: Norman Y. Mineta San Jose International",500,5.61797752808989
"546","1900-1959","Southwest Airlines Co.","San Jose, CA: Norman Y. Mineta San Jose International",23232,16.4299858557284
"547","1900-1959","American Airlines Inc.","San Juan, PR: Luis Munoz Marin International",208,29.7142857142857
"548","1900-1959","Delta Air Lines Inc.","San Juan, PR: Luis Munoz Marin International",787,4.68452380952381
"549","1900-1959","JetBlue Airways","San Juan, PR: Luis Munoz Marin International",23796,20.5847750865052
"550","1900-1959","Southwest Airlines Co.","San Juan, PR: Luis Munoz Marin International",2248,13.2235294117647
"551","1900-1959","SkyWest Airlines Inc.","San Luis Obispo, CA: San Luis County Regional",5033,13.2796833773087
"552","1900-1959","Alaska Airlines Inc.","Santa Ana, CA: John Wayne Airport-Orange County",1143,9.29268292682927
"553","1900-1959","American Airlines Inc.","Santa Ana, CA: John Wayne Airport-Orange County",3598,10.5513196480938
"554","1900-1959","Frontier Airlines Inc.","Santa Ana, CA: John Wayne Airport-Orange County",2903,12.045643153527
"555","1900-1959","SkyWest Airlines Inc.","Santa Ana, CA: John Wayne Airport-Orange County",819,21.5526315789474
"556","1900-1959","Southwest Airlines Co.","Santa Ana, CA: John Wayne Airport-Orange County",13648,10.1926811053025
"557","1900-1959","United Air Lines Inc.","Santa Ana, CA: John Wayne Airport-Orange County",29,5.8
"558","1900-1959","SkyWest Airlines Inc.","Santa Barbara, CA: Santa Barbara Municipal",3370,10.8012820512821
"559","1900-1959","ExpressJet Airlines Inc.","Santa Fe, NM: Santa Fe Municipal",0,0
"560","1900-1959","Delta Air Lines Inc.","Sarasota/Bradenton, FL: Sarasota/Bradenton International",377,9.66666666666667
"561","1900-1959","JetBlue Airways","Sarasota/Bradenton, FL: Sarasota/Bradenton International",57,14.25
"562","1900-1959","Delta Air Lines Inc.","Savannah, GA: Savannah/Hilton Head International",2053,10.0146341463415
"563","1900-1959","ExpressJet Airlines Inc.","Savannah, GA: Savannah/Hilton Head International",291,72.75
"564","1900-1959","JetBlue Airways","Savannah, GA: Savannah/Hilton Head International",1213,21.280701754386
"565","1900-1959","SkyWest Airlines Inc.","Scranton/Wilkes-Barre, PA: Wilkes Barre Scranton International",0,0
"566","1900-1959","Alaska Airlines Inc.","Seattle, WA: Seattle/Tacoma International",18342,5.28283410138249
"567","1900-1959","American Airlines Inc.","Seattle, WA: Seattle/Tacoma International",1109,14.4025974025974
"568","1900-1959","Delta Air Lines Inc.","Seattle, WA: Seattle/Tacoma International",1828,13.2463768115942
"569","1900-1959","Frontier Airlines Inc.","Seattle, WA: Seattle/Tacoma International",2693,12.0762331838565
"570","1900-1959","SkyWest Airlines Inc.","Seattle, WA: Seattle/Tacoma International",3696,11.7707006369427
"571","1900-1959","Southwest Airlines Co.","Seattle, WA: Seattle/Tacoma International",10821,15.3271954674221
"572","1900-1959","United Air Lines Inc.","Seattle, WA: Seattle/Tacoma International",3717,17.8701923076923
"573","1900-1959","Virgin America","Seattle, WA: Seattle/Tacoma International",6841,21.9967845659164
"574","1900-1959","SkyWest Airlines Inc.","Sioux Falls, SD: Joe Foss Field",439,13.3030303030303
"575","1900-1959","ExpressJet Airlines Inc.","South Bend, IN: South Bend International",135,9.64285714285714
"576","1900-1959","SkyWest Airlines Inc.","South Bend, IN: South Bend International",661,6.2952380952381
"577","1900-1959","Alaska Airlines Inc.","Spokane, WA: Spokane International",65,4.0625
"578","1900-1959","SkyWest Airlines Inc.","Spokane, WA: Spokane International",1389,10.5227272727273
"579","1900-1959","Southwest Airlines Co.","Spokane, WA: Spokane International",590,11.3461538461538
"580","1900-1959","SkyWest Airlines Inc.","St. George, UT: St George Regional",0,0
"581","1900-1959","American Airlines Inc.","St. Louis, MO: Lambert-St. Louis International",4554,13.8
"582","1900-1959","Delta Air Lines Inc.","St. Louis, MO: Lambert-St. Louis International",5003,17.0170068027211
"583","1900-1959","ExpressJet Airlines Inc.","St. Louis, MO: Lambert-St. Louis International",0,0
"584","1900-1959","SkyWest Airlines Inc.","St. Louis, MO: Lambert-St. Louis International",1173,13.4827586206897
"585","1900-1959","Southwest Airlines Co.","St. Louis, MO: Lambert-St. Louis International",50177,17.1369535519126
"586","1900-1959","United Air Lines Inc.","St. Louis, MO: Lambert-St. Louis International",198,33
"587","1900-1959","American Airlines Inc.","Syracuse, NY: Syracuse Hancock International",557,6.55294117647059
"588","1900-1959","ExpressJet Airlines Inc.","Syracuse, NY: Syracuse Hancock International",6264,58.5420560747664
"589","1900-1959","JetBlue Airways","Syracuse, NY: Syracuse Hancock International",1427,23.3934426229508
"590","1900-1959","SkyWest Airlines Inc.","Syracuse, NY: Syracuse Hancock International",0,0
"591","1900-1959","Delta Air Lines Inc.","Tallahassee, FL: Tallahassee International",20,1.33333333333333
"592","1900-1959","ExpressJet Airlines Inc.","Tallahassee, FL: Tallahassee International",3503,16.6018957345972
"593","1900-1959","American Airlines Inc.","Tampa, FL: Tampa International",19938,15.4798136645963
"594","1900-1959","Delta Air Lines Inc.","Tampa, FL: Tampa International",18943,21.6739130434783
"595","1900-1959","Frontier Airlines Inc.","Tampa, FL: Tampa International",869,10.2235294117647
"596","1900-1959","JetBlue Airways","Tampa, FL: Tampa International",14583,30.7010526315789
"597","1900-1959","Southwest Airlines Co.","Tampa, FL: Tampa International",36823,18.7585328578706
"598","1900-1959","Spirit Air Lines","Tampa, FL: Tampa International",11460,25.6375838926174
"599","1900-1959","United Air Lines Inc.","Tampa, FL: Tampa International",5050,14.3874643874644
"600","1900-1959","ExpressJet Airlines Inc.","Traverse City, MI: Cherry Capital",0,0
"601","1900-1959","SkyWest Airlines Inc.","Traverse City, MI: Cherry Capital",86,7.16666666666667
"602","1900-1959","Frontier Airlines Inc.","Trenton, NJ: Trenton Mercer",32,5.33333333333333
"603","1900-1959","American Airlines Inc.","Tucson, AZ: Tucson International",7,2.33333333333333
"604","1900-1959","SkyWest Airlines Inc.","Tucson, AZ: Tucson International",3946,15.596837944664
"605","1900-1959","Southwest Airlines Co.","Tucson, AZ: Tucson International",5162,20.0077519379845
"606","1900-1959","ExpressJet Airlines Inc.","Tulsa, OK: Tulsa International",167,5.38709677419355
"607","1900-1959","SkyWest Airlines Inc.","Tulsa, OK: Tulsa International",89,44.5
"608","1900-1959","Southwest Airlines Co.","Tulsa, OK: Tulsa International",6157,17.8982558139535
"609","1900-1959","United Air Lines Inc.","Tulsa, OK: Tulsa International",0,0
"610","1900-1959","ExpressJet Airlines Inc.","Tyler, TX: Tyler Pounds Regional",97,2.425
"611","1900-1959","ExpressJet Airlines Inc.","Valparaiso, FL: Eglin AFB Destin Fort Walton Beach",2818,18.0641025641026
"612","1900-1959","American Airlines Inc.","Washington, DC: Ronald Reagan Washington National",29525,17.2459112149533
"613","1900-1959","Delta Air Lines Inc.","Washington, DC: Ronald Reagan Washington National",11717,16.3189415041783
"614","1900-1959","ExpressJet Airlines Inc.","Washington, DC: Ronald Reagan Washington National",4642,22.1047619047619
"615","1900-1959","JetBlue Airways","Washington, DC: Ronald Reagan Washington National",10356,22.9115044247788
"616","1900-1959","SkyWest Airlines Inc.","Washington, DC: Ronald Reagan Washington National",1030,27.8378378378378
"617","1900-1959","Southwest Airlines Co.","Washington, DC: Ronald Reagan Washington National",13951,17.548427672956
"618","1900-1959","United Air Lines Inc.","Washington, DC: Ronald Reagan Washington National",1298,17.3066666666667
"619","1900-1959","Alaska Airlines Inc.","Washington, DC: Washington Dulles International",748,13.6
"620","1900-1959","American Airlines Inc.","Washington, DC: Washington Dulles International",2632,27.7052631578947
"621","1900-1959","Delta Air Lines Inc.","Washington, DC: Washington Dulles International",5582,20.7509293680297
"622","1900-1959","Frontier Airlines Inc.","Washington, DC: Washington Dulles International",1500,34.8837209302326
"623","1900-1959","JetBlue Airways","Washington, DC: Washington Dulles International",910,26.7647058823529
"624","1900-1959","SkyWest Airlines Inc.","Washington, DC: Washington Dulles International",1,0.05
"625","1900-1959","Southwest Airlines Co.","Washington, DC: Washington Dulles International",2495,17.5704225352113
"626","1900-1959","United Air Lines Inc.","Washington, DC: Washington Dulles International",12120,12.8253968253968
"627","1900-1959","American Airlines Inc.","West Palm Beach/Palm Beach, FL: Palm Beach International",6061,14.8190709046455
"628","1900-1959","Delta Air Lines Inc.","West Palm Beach/Palm Beach, FL: Palm Beach International",6032,12.672268907563
"629","1900-1959","JetBlue Airways","West Palm Beach/Palm Beach, FL: Palm Beach International",32168,40.2603254067584
"630","1900-1959","Southwest Airlines Co.","West Palm Beach/Palm Beach, FL: Palm Beach International",4716,20.6842105263158
"631","1900-1959","United Air Lines Inc.","West Palm Beach/Palm Beach, FL: Palm Beach International",4110,17.8695652173913
"632","1900-1959","ExpressJet Airlines Inc.","White Plains, NY: Westchester County",4304,24.878612716763
"633","1900-1959","JetBlue Airways","Worcester, MA: Worcester Regional",114,11.4
"634","1900-1959","SkyWest Airlines Inc.","Yuma, AZ: Yuma MCAS/Yuma International",478,4.23008849557522
